{"4": -1267.51204675, "5": -1267.5124252, "6": -1267.5118566, "7": -1267.51141064, "8": -1267.5113799}